id_personagem,nome_personagem,id_familias,ator,quantidade_Aparicao,primeiro_ano,ultimo_ano
1,Tyrion Lannister,28,Peter Dinklage,67,2011,2019
2,Cersei Lannister,28,Lena Headey,62,2011,2019
3,Daenerys Targaryen,48,Emilia Clarke,62,2011,2019
4,Jon Snow,45,Kit Harington,62,2011,2019
5,Sansa Stark,45,Sophie Turner,59,2011,2019
6,Arya Stark,45,Maisie Williams,59,2011,2019
7,Jaime Lannister,28,Nikolaj Coster-Waldau,55,2011,2019
8,Jorah Mormont,37,Iain Glen,52,2011,2019
9,Samwell Tarly,49,John Bradley,48,2011,2019
10,Theon Greyjoy,20,Alfie Allen,47,2011,2019
11,Lord Varys,0,Conleth Hill,46,2011,2019
12,Davos Seaworth,43,Liam Cunningham,42,2012,2019
13,Brienne of Tarth,50,Gwendoline Christie,42,2012,2019
14,Petyr 'Littlefinger' Baelish,2,Aidan Gillen,41,2011,2017
15,Bran Stark,45,Isaac Hempstead Wright,40,2011,2019
16,Sandor 'The Hound' Clegane,10,Rory McCann,38,2011,2019
17,Missandei,0,Nathalie Emmanuel,38,2013,2019
18,Bronn,0,Jerome Flynn,37,2011,2019
19,Podrick Payne,38,Daniel Portman,35,2012,2019
20,Grey Worm,0,Jacob Anderson,34,2013,2019
21,Eddison Tollett,52,Ben Crompton,34,2012,2019
22,Tormund Giantsbane,0,Kristofer Hivju,33,2013,2019
23,Grand Maester Pycelle,0,Julian Glover,31,2011,2016
24,Melisandre,0,Carice van Houten,29,2012,2019
25,Tywin Lannister,28,Charles Dance,27,2011,2015
26,Gilly,0,Hannah Murray,27,2012,2019
27,Margaery Tyrell,55,Natalie Dormer,26,2012,2016
28,Joffrey Baratheon,3,Jack Gleeson,26,2011,2014
29,Catelyn Stark,45,Michelle Fairley,26,2011,2016
30,Barristan Selmy,44,Ian McElhinney,25,2011,2015
31,Stannis Baratheon,3,Stephen Dillane,24,2012,2015
32,Gendry,0,Joe Dempsie,24,2011,2019
33,Hodor,0,Kristian Nairn,23,2011,2016
34,Qyburn,0,Anton Lesser,22,2013,2019
35,Grenn,0,Mark Stanley,22,2011,2014
36,Robb Stark,45,Richard Madden,22,2011,2016
37,Loras Tyrell,55,Finn Jones,21,2011,2016
38,Shae,0,Sibel Kekilli,20,2011,2014
39,Ramsay Bolton,5,Iwan Rheon,20,2013,2016
40,Roose Bolton,5,Michael McElhatton,20,2012,2016
41,Alliser Thorne,51,Owen Teale,19,2011,2016
42,Daario Naharis,0,Michiel Huisman,18,2014,2016
43,Olenna Tyrell,55,Diana Rigg,18,2013,2017
44,Tommen Baratheon,3,Dean-Charles Chapman,18,2013,2016
45,Ygritte,0,Rose Leslie,17,2012,2014
46,Jaqen H'ghar,0,Tom Wlaschiha,17,2012,2016
47,Gregor 'The Mountain' Clegane,10,Hafþór Júlíus Björnsson,17,2014,2019
48,Olly,0,Brenock O'Connor,17,2014,2016
49,Meryn Trant,53,Ian Beattie,17,2011,2015
50,Osha,0,Natalia Tena,16,2011,2016
51,Yara Greyjoy,20,Gemma Whelan,16,2012,2019
52,Meera Reed,40,Ellie Kendrick,16,2013,2017
53,Wun Wun,0,Ian Whyte,16,2011,2019
54,Lancel Lannister,28,Eugene Simon,16,2011,2016
55,Janos Slynt,0,Dominic Carter,15,2011,2015
56,Maester Luwin,0,Donald Sumpter,14,2011,2012
57,Ros,0,Esmé Bianco,14,2011,2013
58,Rickon Stark,45,Art Parkinson,14,2011,2016
59,Othell Yarwyck,58,Brian Fortune,14,2011,2016
60,Ellaria Sand,35,Indira Varma,13,2014,2017
61,Rodrik Cassel,8,Ron Donachie,13,2011,2012
62,Beric Dondarrion,15,Richard Dormer,13,2013,2019
63,Mace Tyrell,55,Roger Ashton-Griffiths,13,2014,2016
64,Yohn Royce,41,Rupert Vansittart,13,2014,2019
65,Pypar,0,Josef Altin,13,2011,2014
66,Irri,0,Amrita Acharia,13,2011,2012
67,High Sparrow,0,Jonathan Pryce,12,2015,2016
68,Jeor Mormont,37,James Cosmo,12,2011,2013
69,Maester Wolkan,0,Richard Rycroft,12,2016,2019
70,Kevan Lannister,28,Ian Gelder,12,2011,2016
71,Rast,0,Luke Barnes,12,2011,2014
72,Hot Pie,0,Ben Hawkey,12,2011,2017
73,Talisa Stark,45,Oona Chaplin,11,2012,2013
74,Maester Aemon,0,Peter Vaughan,11,2011,2015
75,The Waif,0,Faye Marsay,11,2015,2016
76,Doreah,0,Roxanne McKee,11,2011,2012
77,Qhono,0,Staz Nair,11,2016,2019
78,Eddard 'Ned' Stark,45,Sean Bean,10,2011,2011
79,Thoros of Myr,0,Paul Kaye,10,2013,2017
80,Selyse Baratheon,3,Tara Fitzgerald,10,2013,2015
81,Jojen Reed,40,Thomas Brodie-Sangster,10,2013,2014
82,Shireen Baratheon,3,Kerry Ingram,10,2013,2015
83,Bowen Marsh,34,Michael Condron,10,2015,2016
84,Khal Drogo,0,Jason Momoa,10,2011,2012
85,Euron Greyjoy,20,Pilou Asbæk,9,2016,2019
86,Edmure Tully,54,Tobias Menzies,9,2013,2019
87,Tyene Sand,35,Rosabell Laurenti Sellers,9,2015,2017
88,Lyanna Mormont,37,Bella Ramsey,9,2016,2019
89,Robin Arryn,1,Lino Facioli,9,2011,2019
90,Renly Baratheon,3,Gethin Anthony,8,2011,2012
91,Locke,0,Noah Taylor,8,2013,2014
92,Obara Sand,35,Keisha Castle-Hughes,8,2015,2017
93,Hizdahr zo Loraq,0,Joel Fry,8,2014,2015
94,Nymeria Sand,35,Jessica Henwick,8,2015,2017
95,Septa Unella,0,Hannah Waddingham,8,2015,2016
96,Myranda,0,Charlotte Hope,8,2013,2016
97,Kovarro,0,Steven Cole,8,2012,2012
98,Tommen Baratheon,3,Callum Wharry,8,2011,2012
99,Myrcella Baratheon,3,Aimee Richardson,8,2011,2012
100,Marei,0,Josephine Gillan,8,2012,2019
101,Robert Baratheon,3,Mark Addy,7,2011,2011
102,Oberyn Martell,35,Pedro Pascal,7,2014,2014
103,Yoren,0,Francis Magee,7,2011,2012
104,Brynden 'Blackfish' Tully,54,Clive Russell,7,2013,2016
105,Olyvar,0,Will Tudor,7,2013,2015
106,Rakharo,0,Elyes Gabel,7,2011,2012
107,Bernadette,0,Sara Dylan,7,2012,2017
108,Walder Frey,18,David Bradley,6,2011,2017
109,Benjen Stark,45,Joseph Mawle,6,2011,2017
110,Orell,0,Mackenzie Crook,6,2013,2013
111,Areo Hotah,0,Deobia Oparei,6,2015,2016
112,Septa Mordane,0,Susan Brown,6,2011,2011
113,Black Walder Rivers,0,Tim Plester,6,2013,2016
114,Qotho,0,Dar Salim,6,2011,2011
115,Dontos Hollard,24,Tony Way,6,2012,2014
116,Myrcella Baratheon,3,Nell Tiger Free,6,2015,2016
117,Anguy,0,Philip McGinley,6,2013,2013
118,High Septon,0,Paul Bentley,6,2013,2015
119,Alys Karstark,26,Megan Parkinson,6,2016,2019
120,Night's Watch Officer,0,Dennis McKeever,6,2011,2013
121,Viserys Targaryen,48,Harry Lloyd,5,2011,2011
122,Jory Cassel,8,Jamie Sives,5,2011,2011
123,Lysa Arryn,1,Kate Dickie,5,2011,2014
124,Mance Rayder,0,Ciarán Hinds,5,2013,2015
125,Craster,0,Robert Pugh,5,2012,2013
126,Doran Martell,35,Alexander Siddig,5,2015,2016
127,Xaro Xhoan Daxos,0,Nonso Anozie,5,2012,2012
128,Randyll Tarly,49,James Faulkner,5,2016,2017
129,Robett Glover,19,Tim McInnerny,5,2016,2017
130,Rickard Karstark,26,John Stahl,5,2012,2013
131,Dagmer Cleftjaw,0,Ralph Ineson,5,2012,2012
132,Walda Bolton,5,Elizabeth Webster,5,2014,2016
133,Trystane Martell,35,Toby Sebastian,5,2015,2016
134,The Night King,0,Vladimir 'Furdo' Furdik,5,2016,2019
135,Archmaester Ebrose,0,Jim Broadbent,4,2017,2017
136,Tycho Nestoris,0,Mark Gatiss,4,2014,2017
137,Balon Greyjoy,20,Patrick Malahide,4,2012,2016
138,Pyat Pree,0,Ian Hanmore,4,2012,2012
139,Styr,0,Yuri Kolokolnikov,4,2014,2014
140,Yezzan zo Qaggaz,0,Enzo Cilenti,4,2015,2016
141,Karl Tanner,0,Burn Gorman,4,2013,2014
142,Ilyn Payne,38,Wilko Johnson,4,2011,2012
143,Marillion,0,Emun Elliott,4,2011,2011
144,Dickon Tarly,49,Tom Hopper,4,2017,2017
145,Qhorin Halfhand,0,Simon Armstrong,4,2012,2012
146,Lothar Frey,18,Daniel Tuite,4,2016,2016
147,Rorge,0,Andy Beckwith,4,2012,2014
148,Lommy Greenhands,0,Eros Vlahos,4,2011,2012
149,Matthos Seaworth,43,Kerr Logan,4,2012,2012
150,Armeca,0,Sahara Knite,4,2011,2012
151,Royal Steward,0,Robert Sterne,4,2011,2011
152,Black Lorren,0,Forbes KB,4,2012,2012
153,Amory Lorch,29,Fintan McKeown,4,2012,2012
154,Biter,0,Gerard Jordan,4,2012,2014
155,Young Ned,0,Robert Aramayo,4,2016,2017
156,Baby Sam,0,William Nevan Wilson,4,2016,2017
157,Baby Sam,0,James Robert Wilson,4,2016,2017
158,Timett,0,Tobias Winter,4,2011,2012
159,Steelshanks Walton,0,Jamie Michie,4,2013,2013
160,Izembaro,0,Richard E. Grant,3,2016,2016
161,Lady Crane,13,Essie Davis,3,2016,2016
162,Spice King,0,Nicholas Blane,3,2012,2012
163,Three-Eyed Raven,0,Max von Sydow,3,2016,2016
164,Syrio Forel,0,Miltos Yerolemou,3,2011,2011
165,Harrag,0,Brendan Cowell,3,2017,2017
166,Salladhor Saan,0,Lucian Msamati,3,2012,2014
167,Daario Naharis,0,Ed Skrein,3,2013,2013
168,Greatjon Umber,56,Clive Mantle,3,2011,2011
169,Camello,0,Kevin Eldon,3,2016,2017
170,Harald Karstark,26,Paul Rattray,3,2016,2016
171,Giant Wight #2,0,Neil Fingleton,3,2014,2017
172,Leaf,0,Kae Alexander,4,2016,2016
173,Bobono,0,Leigh Gill,3,2016,2016
174,Razdal mo Eraz,0,George Georgiou,3,2013,2016
175,Lhara,0,Sarine Sofair,3,2014,2015
176,Clarenzo,0,Rob Callender,3,2016,2016
177,Thenn Warg,0,Joseph Gatt,3,2014,2014
178,Mirri Maz Duur,0,Mia Soteriou,3,2011,2011
179,Polliver,0,Andy Kellegher,3,2012,2014
180,Alton Lannister,28,Karl Davies,3,2012,2012
181,Khal Moro,0,Joseph Naufahu,3,2016,2016
182,Ned Umber,56,Harry Grasby,3,2017,2019
183,Kraznys mo Nakloz,0,Dan Hildebrand,3,2013,2013
184,Mossador,0,Reece Noi,3,2014,2015
185,White Walker,0,Ross Mullan,3,2012,2014
186,Rattleshirt,0,Edward Dogliani,3,2012,2013
187,Vala,0,Meena Rayann,3,2015,2016
188,Daisy,0,Maisie Dee,3,2012,2012
189,Bathhouse Prostitute,0,Samantha Bentley,3,2014,2015
190,Silk King,0,Slavko Juraga,3,2012,2012
191,Dothraki Bloodrider #1,0,Diogo Sales,3,2016,2016
192,Musician #1,0,Nanna Bryndís Hilmarsdóttir,3,2016,2016
193,Dothraki Bloodrider #2,0,Junade Khan,3,2016,2016
194,Musician #2,0,Ragnar Þórhallsson,3,2016,2016
195,Musician #3,0,Arnar Rosenkranz Hilmarsson,3,2016,2016
196,Musician #4,0,Brynjar Leifsson,3,2016,2016
197,Loyal Night's Watchman #2,0,Robert Fawsitt,3,2016,2016
198,Musician #5,0,Kristján Kristjánsson,3,2016,2016
199,King's Landing Whore,0,Xena Avramidis,3,2014,2015
200,Dothraki Woman Having Sex,0,Portia-Valis Volkova,3,2015,2016
201,Aggo,0,Chuku Modu,3,2016,2016
202,Frances,0,Annette Hannah,3,2016,2017
203,Brothel Patron #5,0,Derek Dubery,3,2015,2019
204,Hallyne,0,Roy Dotrice,2,2012,2012
205,Harry Strickland,47,Marc Rissmann,2,2019,2019
206,Illyrio Mopatis,0,Roger Allam,2,2011,2011
207,Lem Lemoncloak,0,Jóhannes Haukur Jóhannesson,2,2016,2016
208,Smalljon Umber,56,Dean Jagger,2,2016,2016
209,Martha,0,Bronte Carmichael,2,2019,2019
210,Mord,0,Ciaran Bermingham,2,2011,2011
211,Aeron Greyjoy,20,Michael Feast,2,2016,2016
212,Dim Dalba,0,Murray McArthur,2,2015,2016
213,Belicho Paenymion,0,Eddie Jackson,2,2016,2016
214,Fergus,0,Seamus O'Hara,2,2019,2019
215,Gatins,0,Ricky Champ,2,2016,2016
216,Teela,0,Bea Glancy,2,2019,2019
217,Old Nan,0,Margaret John,2,2011,2011
218,The Night King,0,Richard Brake,3,2014,2016
219,Morgan,0,Ian Davies,2,2016,2016
220,Woman with Elderly Parents,0,Lucy McConnell,2,2019,2019
221,Gregor 'The Mountain' Clegane,10,Conan Stevens,2,2011,2011
222,Malko,0,Adewale Akinnuoye-Agbaje,2,2015,2015
223,Thin Man,0,Oengus MacNamara,2,2015,2015
224,Lothar Frey,18,Tom Brooke,2,2013,2013
225,Bianca,0,Eline Powell,2,2016,2016
226,Vardis Egen,16,Brendan McCormack,2,2011,2011
227,Shagga,0,Mark Lewis Jones,2,2011,2011
228,Quaithe,0,Laura Pradelska,2,2012,2012
229,Margaery Tyrell Mummer,55,Eva Butterly,2,2016,2016
230,Old Woman,0,Stella McCusker,2,2015,2015
231,Baby Sam,0,Logan Watson,2,2019,2019
232,Hugh of the Vale,0,Jefferson Hall,2,2011,2011
233,Morag,0,Deirdre Monaghan,2,2014,2014
234,Todder,0,Will O'Connell,2,2013,2015
235,Johnna,0,Ali Lyons,2,2015,2015
236,Willa,0,Karla Lyons,2,2015,2015
237,Lady Kitty Frey,18,Lucy Hayes,2,2016,2017
238,Baby Sam,0,Finn Watson,2,2019,2019
239,Lyanna Stark,45,Aisling Franciosi,2,2016,2017
240,Village Woman,0,Eileen McCloskey,2,2019,2019
241,Farlen,0,Peter Ballance,2,2012,2012
242,Donnel Waynwood,57,Alisdair Simpson,2,2014,2014
243,Drennan,0,David Coakley,2,2012,2012
244,Sissy,0,Jane McGrath,2,2014,2014
245,Dosh khaleen High Priestess,0,Souad Faress,2,2016,2016
246,Zanrush,0,Gerald Lepkowski,2,2016,2016
247,King's Landing Whore,0,Emily Diamond,2,2011,2011
248,Ornela,0,Hannah John-Kamen,2,2016,2016
249,Young Nan,0,Annette Tierney,2,2016,2016
250,Kurleket,0,Kevin Keenan,2,2011,2011
251,Winterfell Shepherd,0,Donagh Deeney,2,2012,2012
252,The Tickler,0,Anthony Morris,2,2012,2012
253,Ghita,0,Hattie Gotobed,2,2015,2015
254,Wyllis,0,Sam Coleman,2,2016,2016
255,Morgan,0,Chris Reilly,2,2012,2014
256,Greizhen mo Ullhor,0,Cliff Barry,2,2013,2013
257,Mole's Town Whore,0,Lois Winstone,2,2014,2014
258,Willis Wode,0,Ryan McKenna,2,2011,2011
259,Jacks,0,Paul Caddell,2,2012,2012
260,Goldcloak,0,Sam Callis,2,2012,2012
261,King's Landing Rioter #1,0,Reg Wayment,2,2012,2012
262,Ternesio Terys,0,Gary Oliver,2,2014,2015
263,Moro's Wife #2,0,Fola Evans-Akingbola,2,2016,2016
264,Master Torturer,0,Michael Shelford,2,2013,2013
265,Great Master #1,0,Emilio Doorgasingh,2,2014,2014
266,Young Ned Stark,45,Sebastian Croft,2,2016,2016
267,Young Rodrik Cassel,8,Fergus Leathem,2,2016,2016
268,Mhaegen,0,Antonia Christophers,2,2011,2012
269,nan,0,Will Fortune,2,2014,2015
270,Mole's Town Madam,0,Lu Corfield,2,2014,2014
271,Lannister Captain,0,Aiden Condron,2,2012,2012
272,Quent,0,Aidan Crowe,2,2012,2012
273,Young Benjen Stark,45,Matteo Elezi,2,2016,2016
274,Dothraki Widow #1,0,Angelique Fernandez,2,2016,2016
275,Stark Guard,0,David Sheehan,2,2012,2012
276,Mummer #2,0,Glen Barry,2,2016,2016
277,Kayla,0,Pixie Le Knot,2,2013,2014
278,Manservant,0,Conor Watters,2,2014,2014
279,Mummer #3,0,Brendan O'Rourke,2,2016,2016
280,Tobho Mott,0,Andrew Wilde,2,2011,2012
281,Mummer #4,0,Ross Anderson-Doherty,2,2016,2016
282,Night's Watchman #1,0,Michael Hayes,2,2016,2016
283,Dothraki Widow #2,0,Wuese Houston-Jibo,2,2016,2016
284,Willem Lannister,28,Timothy Gibbons,2,2013,2013
285,Baratheon Soldier #2,0,Jason McLaughlin,2,2015,2015
286,Loyal Night's Watchman #1,0,Steve Cash,2,2016,2016
287,Night's Watchman #2,0,Tony Flynn,2,2016,2016
288,Night's Watchman,0,Michael Hooley,2,2016,2016
289,The Mother,0,Em Scribbler,2,2015,2015
290,Male Prostitute,0,Dennis Stokes,2,2012,2012
291,The Maiden,0,Rebecca Scott,2,2015,2015
292,The Crone,0,Rosie Ruthless,2,2015,2015
293,Arthur,0,Nathanael Saleh,2,2016,2016
294,Little Bird #4,0,Jesse Magee,2,2016,2016
295,Little Bird #3,0,Michael Nevin,2,2016,2016
296,Little Bird #6,0,Lucy Gallagher,2,2016,2016
297,Little Bird #5,0,Iona Clarke,2,2016,2016
298,Little Bird #7,0,Fionn Kernan,2,2016,2016
299,Three-Eyed Raven,0,Struan Rodger,2,2014,2014
300,Joyeuse Frey,18,Kelly Long,2,2011,2013
301,Tyrell Lady,55,Sophie Reid,2,2013,2013
302,Tommy,0,Tommy Dunne,2,2011,2014
303,Leo Lefford,0,Vinnie McCabe,2,2011,2011
304,Ironborn #2,0,Robert Render,2,2011,2016
305,Brother Ray,0,Ian McShane,1,2016,2016
306,Nora,0,Laura Elphinstone,1,2019,2019
307,Xela,0,Alexis Raben,1,2019,2019
308,Lannister Soldier,0,Matthew Wolf,1,2019,2019
309,Karsi,0,Birgitte Hjort Sørensen,1,2015,2015
310,Nora's Daughter,0,Tipper Seifert-Cleveland,1,2019,2019
311,Singing Lannister Soldier,0,Stephen Swift,1,2012,2012
312,Northern Sentry,0,Frank Blake,1,2019,2019
313,Dying Man,0,Barry McGovern,1,2014,2014
314,Loboda,0,Zachary Baharov,1,2015,2015
315,Lannister Soldier,0,Ryan McKen,1,2019,2019
316,Stark Soldier,0,Danny Kirrane,1,2017,2017
317,Unsullied Captain,0,Gabriel Akuwudike,1,2019,2019
318,Lannister Soldier,0,Owen Whitelaw,1,2019,2019
319,Imry Florent,17,Gordon Mahon,1,2012,2012
320,Captain of the Bolton Archers,0,Rory Mullen,1,2016,2016
321,Koner,0,Joseph Quinn,1,2017,2017
322,Ironborn Lord,0,Noel Harron,1,2019,2019
323,Young Woman,0,Rori Hawthorn,1,2019,2019
324,Mandon Moore,36,James Doran,1,2012,2012
325,Bolton General,0,Mark Tankersley,1,2016,2016
326,Northerner in Alley,0,Oliver Devoti,1,2019,2019
327,Dornish Prince,0,Toby Osmond,1,2019,2019
328,Jhiqui,0,Sarita Piotrowski,1,2011,2011
329,Baratheon Officer,0,Kieran Cunningham,1,2012,2012
330,Northman Rider,0,David Birkbeck,1,2016,2016
331,Melessa Tarly,49,Samantha Spiro,1,2016,2016
332,Winterfell Local,0,Breige Roche,1,2017,2017
333,Riverlands Lord,0,Andrew Bicknell,1,2019,2019
334,Lannister Soldier,0,Jim Tighe,1,2019,2019
335,Will,0,Bronson Webb,1,2011,2011
336,Captain of the Archers,0,Michael Grennell,1,2012,2012
337,Lord of Bones,0,Ross O'Hennessy,1,2015,2015
338,Northman Archer,0,Paul Garrett,1,2016,2016
339,Stark Soldier,0,Eamonn Keenan,1,2017,2017
340,Lord Une,0,Michael Benbaruk,1,2019,2019
341,Mycah,0,Rhodri Hosking,1,2011,2011
342,Jon Arryn,1,John Standing,1,2011,2011
343,Mero,0,Mark Killeen,1,2013,2013
344,Vale Lord,0,Frank Jakeman,1,2019,2019
345,Lannister Soldier,0,Luke McQuillan,1,2019,2019
346,Waymar Royce,41,Rob Ostlere,1,2011,2011
347,Prendahl na Ghezn,0,Ramon Tikaram,1,2013,2013
348,Goatherd,0,Philip Arditti,1,2014,2014
349,Northern Lord,0,Niall Bishop,1,2019,2019
350,King's Landing Citizen,0,Nicky Harley,1,2019,2019
351,Gared,0,Dermot Keaney,1,2011,2011
352,Catspaw Assassin,0,Lalor Roddy,1,2011,2011
353,Maester Cressen,0,Oliver Ford Davies,1,2012,2012
354,Septon,0,Kenneth Hadley,1,2013,2013
355,First Mate,0,Rhodri Miles,1,2014,2014
356,Citadel Maester,0,Julian Firth,1,2017,2017
357,Wight at Table,0,Javier Botet,1,2019,2019
358,King's Landing Citizen,0,Hayley McQuillan,1,2019,2019
359,Crying Man,0,Pádraig O'Grady,1,2019,2019
360,Lannister Guard,0,Conor Delaney,1,2011,2011
361,Maggy,0,Jodhi May,1,2015,2015
362,The Waif's Disguise,0,Margaret Jackman,1,2016,2016
363,Citadel Maester,0,Philip O'Sullivan,1,2017,2017
364,Lannister Soldier,0,Adam Devereux,1,2019,2019
365,Lannister,0,Eoin Duffy,1,2019,2019
366,Roslin Frey,18,Alexandra Dowling,1,2013,2013
367,Anya Waynwood,57,Paola Dionisotti,1,2014,2014
368,Bathhouse Prostitute,0,Samantha McEwan,1,2014,2014
369,Braavosi Captain,0,Morgan C. Jones,1,2015,2015
370,Ironborn #1,0,Darrell D'Silva,1,2016,2016
371,Westerosi Trader,0,Kevin Horsham,1,2016,2016
372,Street Red Priestess Meereen,0,Melanie Liburd,1,2016,2016
373,Goldcloak,0,Laurence Spellman,1,2017,2017
374,nan,0,Conor Maguire,1,2019,2019
375,Lannister Soldier,0,Thomas Martin,1,2019,2019
376,Willa,0,Alice Nokes,1,2019,2019
377,nan,0,Shane Whisker,1,2019,2019
378,Old Man,0,Sean Buckley,1,2013,2013
379,Yunkai'i Whore,0,Talitha Luke-Eardley,1,2013,2013
380,Ironborn in Skiff,0,Michael Hough,1,2014,2014
381,Black Armored White Walker,0,Tim Loane,1,2015,2015
382,Slaver,0,Michael Yare,1,2015,2015
383,Bear Island Maester,0,Louis Rolston,1,2016,2016
384,Rhaegar Targaryen,48,Wilf Scolding,1,2017,2017
385,Fergus' Friend,0,Thomas Finnegan,1,2019,2019
386,Sarra,0,Danielle Galligan,1,2019,2019
387,Lannister Soldier,0,Brian Patrick Kennedy,1,2019,2019
388,Villager 1,0,Lorcan Strain,1,2019,2019
389,Wine Merchant,0,Simon Lowe,1,2011,2011
390,Frey Guard,18,A.J. Kennedy,1,2013,2013
391,Prisoner,0,Marko Jelic,1,2014,2014
392,Great Master #1,0,Gianpiero Cognoli,1,2015,2015
393,Joss,0,James McKenzie Robinson,1,2015,2015
394,Volantene Whore #1,0,Katie Alexander Thom,1,2016,2016
395,High Septon Maynard,0,Tom Chadbon,1,2017,2017
396,King's Landing Citizen,0,Luna Kalo,1,2019,2019
397,Winterfell Girl,0,Emer McDaid,1,2019,2019
398,nan,0,Ella-Rose Sands,1,2019,2019
399,Pentoshi Servant,0,Rania Zouari,1,2011,2011
400,High Septon,0,David Verrey,1,2012,2012
401,Merry Frey,18,Grace Hendy,1,2013,2013
402,Bolton Guard,0,Anthony Boyle,1,2014,2014
403,Ralf Kenning,27,Grahame Fox,1,2014,2014
404,Pit Announcer,0,Nicholas Boulton,1,2015,2015
405,Street Red Priestess Volantis,0,Rila Fukushima,1,2015,2015
406,Winter Town Man,0,Raymond Keane,1,2015,2015
407,Northman Rioter,0,Jed Murray,1,2016,2016
408,Tully Bannerman,0,Sam Redford,1,2016,2016
409,Aerys Targaryen,48,David Rintoul,1,2016,2016
410,Crayah,0,Lucy Aarden,1,2019,2019
411,King's Landing Citizen,0,Caitlin Pharro,1,2019,2019
412,Varly,0,Graham Charles,1,2011,2011
413,Goldcloak,0,Alan Paris,1,2011,2011
414,Hog Farmer,0,Pat McGrath,1,2013,2013
415,Elder Meereen Slave,0,Philip Philmar,1,2014,2014
416,Great Master #2,0,Bobby Asghar,1,2015,2015
417,Wildling Rioter,0,Michael Patrick,1,2016,2016
418,Dickon Tarly,49,Freddie Stroma,1,2016,2016
419,Crossroads Inn Patron,0,Ben Fox,1,2017,2017
420,Stark Soldier,0,Luke Wilson Hanley,1,2017,2017
421,Lannister General,0,Guy Oliver-Watts,1,2017,2017
422,Lannister Soldier,0,Ed Sheeran,1,2017,2017
423,Littlefinger' Winterfell Spy,0,Adele Smyth-Kennedy,1,2017,2017
424,Northman,0,Robbie Beggs,1,2019,2019
425,Dirah,0,Marina Lawrence-Mahrra,1,2019,2019
426,King's Landing Citizen,0,Louis McCartney,1,2019,2019
427,nan,0,Fionnuala Murphy,1,2019,2019
428,White Walker #2,0,Spencer Wilding,1,2011,2011
429,Lannister Guard,0,Sam Mackay,1,2012,2012
430,Drowned Priest,0,Jonathan Ryan,1,2012,2012
431,Theon's Master of Hounds,0,Steve Wilson,1,2012,2012
432,Fennesz,0,Trevor Allan Davies,1,2014,2014
433,Tansy,0,Jazzy De Lisser,1,2014,2014
434,Goatherd's Son,0,Gian Sanghera-Warren,1,2014,2014
435,Braavosi Madam,0,Lacy Moore,1,2015,2015
436,Merchant Captain,0,Gary Pillai,1,2015,2015
437,Great Master #3,0,Peter Silverleaf,1,2015,2015
438,Talla Tarly,49,Rebecca Benson,1,2016,2016
439,King's Landing Boaster,0,Dylan Edwards,1,2016,2016
440,Lannister Soldier,0,Matt Faris,1,2016,2016
441,Ash,0,Yousef 'Joe' Sweid,1,2016,2016
442,Crossroads Inn Patron,0,Mark Roper,1,2017,2017
443,Lannister Soldier,0,Thomas Turgoose,1,2017,2017
444,nan,0,Rosa Frazer,1,2019,2019
445,King's Landing Citizen,0,Rosie McClelland,1,2019,2019
446,nan,0,Roma Tomelty,1,2019,2019
447,Dothraki Crone,0,Amira Ghazalla,1,2011,2011
448,Jaremy Rykker,42,Jeffrey O'Brien,1,2011,2011
449,Wight Wildling Girl,0,Claire Wright,2,2011,2014
450,Captain's Daughter,0,Amy Dawson,1,2012,2012
451,Rennick,0,David Fynn,1,2012,2012
452,Wendel Manderly,32,Oddie Braddell,1,2013,2013
453,nan,0,Mackenzie Dean,1,2014,2014
454,Adrack Humble,0,Jody Halse,1,2014,2014
455,Morgan's Friend,0,Stuart Martin,1,2014,2014
456,Young Braavosi,0,Jack Hickey,1,2015,2015
457,Great Master #4,0,Davor Jozinovic,1,2015,2015
458,Lead Dornish Guard,0,Christian Vit,1,2015,2015
459,Moro's Wife #1,0,Rubi Ali,1,2016,2016
460,Kesh,0,Michael Heath,1,2016,2016
461,Ironborn at Brothel,0,Neil Keery,1,2016,2016
462,Riddell,0,Ross McKinney,1,2016,2016
463,Lannister Soldier,0,Billy Postlethwaite,1,2017,2017
464,nan,0,Claire Connor,1,2019,2019
465,King's Landing Citizen,0,Isaac Heslip,1,2019,2019
466,Joss,0,Niall Cusack,1,2011,2011
467,Drunk Patron,0,Paul Portelli,1,2011,2011
468,Torrhen Karstark,26,Tyrone McElhennon,1,2012,2012
469,Drummer,0,Will Champion,1,2013,2013
470,Great Master #5,0,Ivan Peric,1,2015,2015
471,Kinvara,0,Ania Bukstein,1,2016,2016
472,Steve,0,Steve Love,1,2016,2016
473,Volantene Whore #2,0,Heidi Romanova,1,2016,2016
474,Tyrell Bannerman,0,Raül Tortosa,1,2016,2016
475,Lannister Guard,0,Adam Slynn,1,2017,2017
476,Winter Town Boy,0,Felix Jamieson,1,2019,2019
477,Lannister Soldier,0,Jack Morgan,1,2019,2019
478,Tomard,0,Phil Dixon,1,2011,2011
479,Stiv,0,Stephen Don,1,2011,2011
480,King's Landing Baker,0,Edward Mercieca,1,2011,2011
481,Goldcloak #1,0,Nikovich Sammut,1,2011,2011
482,Karstark Soldier #1,0,Neill Fleming,1,2012,2012
483,Lordsport Dockhand,0,Jer O'Leary,1,2012,2012
484,Bolton Soldier,0,Bryan Quinn,1,2013,2013
485,Leaf,0,Octavia Selena Alexandru,1,2014,2014
486,Vance Corbray,11,Richard Doubleday,1,2014,2014
487,Valyrian Slave,0,Robert Goodman,1,2014,2014
488,Axell Florent,17,James McHale,1,2014,2014
489,Innkeeper,0,Martin Walsh,1,2014,2014
490,Great Master #6,0,Hadi Kermani,1,2015,2015
491,Lannister Soldier,0,Brahm Gallagher,1,2016,2016
492,Khal Forzho,0,Tamer Hassan,1,2016,2016
493,Volantene Whore #3,0,Danielle Claire Jenner,1,2016,2016
494,Winter Town Woman,0,Syd Ralph,1,2019,2019
495,Goldcloak #2,0,Seamus Kelly,1,2011,2011
496,Night's Watchman,0,Marcus Lamb,1,2011,2011
497,Little Bird,0,Tristan Mercieca,1,2011,2011
498,Knight of House Lynderly,30,Paddy Rocks,1,2011,2011
499,Old Woman Prisoner,0,Gina Moxley,1,2012,2012
500,Mirelle,0,Elisa Lasowski,1,2013,2013
501,Sorcerer,0,Harold James McMullan,1,2013,2013
502,Unsullied,0,Karl Jackson,1,2014,2014
503,Lord Blackmont,4,Daniel Rabin,1,2014,2014
504,Great Master #7,0,Tonci Banov,1,2015,2015
505,Brothel Guard,0,Mishaël Lopes Cardozo,1,2015,2015
506,Faith Militant #1,0,Simon Norbury,1,2015,2015
507,Volantene Whore #4,0,Ella Hughes,1,2016,2016
508,The Waif's Disguise,0,Adam Turns,1,2016,2016
509,Stevron Frey,18,Colin Carnegie,1,2011,2011
510,Eon Hunter,25,Barrington Cullen,1,2011,2011
511,Gerald,0,Ken Fletcher,1,2012,2012
512,Boat Commander,0,Michael Power,1,2013,2013
513,Musician #1,0,Jon Thor Birgisson,1,2014,2014
514,Goatherd,0,Darren Kent,1,2014,2014
515,Kegs,0,Tim Landers,1,2014,2014
516,Derek,0,Ian Lloyd Anderson,1,2015,2015
517,Lollys Stokeworth,46,Elizabeth Cadwallader,1,2015,2015
518,Despondent Man,0,David Garlick,1,2015,2015
519,Faith Militant #2,0,Jack Olohan,1,2015,2015
520,Volantene Whore #5,0,Zoi Gorman,1,2016,2016
521,Winter Town Woman,0,Katie Tumelty,1,2019,2019
522,Ryger Rivers,0,Bryan McCaugherty,1,2011,2011
523,Night's Watch Deserter,0,Barry O'Connor,1,2011,2011
524,King's Landing Rioter #2,0,Marko Juraga,1,2012,2012
525,Colen of Greenpools,0,Darren Killeen,1,2012,2012
526,Wounded Lannister,0,Emmet O'Riabhaigh,1,2012,2012
527,Protestor,0,Edward Tudor-Pole,1,2012,2012
528,Margaery's Handmaiden,0,Aisling Jarrett-Gavin,1,2013,2013
529,Frey Soldier #1,18,Ciaran O'Grady,1,2013,2013
530,Riverlands Traveller,0,Joe Purcell,1,2013,2013
531,Musician #2,0,Orri P. Dyrason,1,2014,2014
532,Black Jack Bulwer,7,Cormac McDonagh,1,2014,2014
533,Ser Endrew Tarth,50,Dez McMahon,1,2014,2014
534,Craster's Wife #2,0,Aeryn Walker,1,2014,2014
535,Brant,0,Jonathan Byrne,1,2015,2015
536,Faceless Man,0,Cedric Henderson,1,2015,2015
537,Sellsword #1,0,Matt McArdle,1,2015,2015
538,Second Son,0,Slavko Sobin,1,2015,2015
539,Rickard Stark,45,Wayne Foskett,1,2016,2016
540,Ironborn Abusing a Volantene Whore,0,Billy King,1,2016,2016
541,Poisoned Frey,18,Paul Ward,1,2017,2017
542,King's Landing Urchin,0,Stephen Grech,1,2011,2011
543,Beric Dondarrion,15,David Michael Scott,1,2011,2011
544,Tortured Prisoner,0,Donal Gallery,1,2012,2012
545,Karstark Soldier #2,0,Duncan Lacroix,1,2012,2012
546,King's Landing Rioter #3,0,Rea Separovic,1,2012,2012
547,Orphan Kid,0,Max Barber,1,2013,2013
548,Karstark Lookout,0,Shaun Blaney,1,2013,2013
549,King's Landing Tailor,0,Joe Cassidy,1,2013,2013
550,Frey Soldier #2,18,Michael Liebmann,1,2013,2013
551,Musician #3,0,Georg Holm,1,2014,2014
552,Craster's Wife #3,0,Cheryl Lester,1,2014,2014
553,Farmer Hamlet,0,Finbar Lynch,1,2014,2014
554,Mully,0,Andy Moore,1,2014,2014
555,Tyrell Guard,0,Nikola Bace,1,2015,2015
556,Sellsword #2,0,Eddie Elks,1,2015,2015
557,Lannister Guard #1,0,Danny O'Connor,1,2015,2015
558,Lead Kingsguard,0,Paddy Wallace,1,2015,2015
559,Arthur Dayne,14,Luke Roberts,1,2016,2016
560,Frey Lord,18,Brendan Morrissey,1,2017,2017
561,Reginald Lannister,28,Patrick FitzSymons,1,2012,2012
562,Brothel Customer,0,Derek Reid,1,2012,2012
563,Violet,0,Stephanie Blacker,1,2013,2013
564,Fruit Vendor,0,Alex Mileman,1,2013,2013
565,Tyrell Servant,0,Will Rastall,1,2013,2013
566,Warlock,0,Lottie Steer,1,2013,2013
567,King Joffrey Baratheon Dwarf,0,Raymond Griffiths,1,2014,2014
568,Wight,0,Alice Hewkin,1,2014,2014
569,Little Bird,0,Samuel Paul Small,1,2014,2014
570,Clea,0,Gwyneth Keyworth,1,2015,2015
571,Brusco,0,Garry Mountaine,1,2015,2015
572,Foreign Merchant,0,Allon Sylvain,1,2015,2015
573,Gerold Hightower,23,Eddie Eyre,1,2016,2016
574,Lannister Captain,0,Richard Laing,1,2016,2016
575,Iggo,0,Deon Lee-Williams,1,2016,2016
576,Sick Maester,0,Eamonn Draper,1,2017,2017
577,Rickard Karstark,26,Steve Blount,1,2011,2011
578,Unsullied,0,Rhys Howells,1,2013,2013
579,nan,0,Jon Freeman,1,2014,2014
580,Whore #1,0,Kristen Gillespie,1,2014,2014
581,King Stannis Baratheon Dwarf,0,Maxwell Laird,1,2014,2014
582,Sailor,0,Dylan McDonough,1,2015,2015
583,Beggar Woman,0,Emina Muftic,1,2015,2015
584,Denys Mallister,31,J.J. Murphy,1,2015,2015
585,Young Cersei Lannister,28,Nell Williams,1,2015,2015
586,Khal Brozho,0,Elie Haddad,1,2016,2016
587,Jonos Bracken,6,Gerry O'Brien,1,2011,2011
588,Stark Messenger,0,Moe Dunford,1,2012,2012
589,Jaqen's Disguise,0,Patrick O'Kane,1,2012,2012
590,Desmond Crakehall,12,Maro Drobnic,1,2013,2013
591,Guymon,0,Jem Wall,1,2014,2014
592,King Renly Baratheon Dwarf,0,Dean Whatton,1,2014,2014
593,nan,0,Rob Brockman,1,2015,2015
594,Baratheon General,0,Nigel O'Neill,1,2015,2015
595,Melara Hetherspoon,22,Isabella Steinbarth,1,2015,2015
596,Braavosi Woman #1,0,Kate Anthony,1,2016,2016
597,Khal Rhalko,0,Andrei Claude,1,2016,2016
598,Young Lyanna Stark,45,Cordelia Hill,1,2016,2016
599,Knight of House Frey,18,Patrick Ryan,1,2011,2011
600,Lannister Messenger,0,Simon Stewart,1,2011,2011
601,Lannister Torturer,0,Mark Byatt,1,2012,2012
602,Northern Lord,0,Pat Mooney,1,2012,2012
603,Stark Soldier,0,Michael Shaeffer,1,2012,2012
604,Yunkai'i Slave #1,0,Marin Tudor,1,2013,2013
605,King Robb Stark Dwarf,0,George Appleby,1,2014,2014
606,Innkeeper's Daughter,0,Gabrielle Dempsey,1,2014,2014
607,Olly's Mother,0,Raewyn Lippert,1,2014,2014
608,Street Tough #1,0,Tom Fava,1,2015,2015
609,Septa Moelle,0,Maggie Hayes,1,2015,2015
610,White Rat,0,Marcos James,1,2015,2015
611,nan,0,Daniel Johnson,1,2015,2015
612,Anara,0,Ollie Kram,1,2015,2015
613,Citadel Maester,0,Frank Hvam,1,2016,2016
614,Khal Qorro,0,Darius Dar Khan,1,2016,2016
615,Braavosi Woman #2,0,Sally Mortemore,1,2016,2016
616,Serving Girl,0,Kate Dempsey,1,2017,2017
617,Addam Marbrand,33,B.J. Hogg,1,2011,2011
618,Vayon Poole,39,Matthew Scurfield,1,2011,2011
619,Yunkai'i Slave #2,0,Roxana Kadyrova,1,2013,2013
620,Bolton Soldier,0,Gary Lightbody,1,2013,2013
621,King Balon Greyjoy Dwarf,0,Krysten Coombs,1,2014,2014
622,Whore #2,0,Maria Sikavica,1,2014,2014
623,nan,0,Richard Fitzwell,1,2015,2015
624,Strong Sam Stone,0,Allan Gildea,1,2015,2015
625,Septa Scolera,0,Mary Jordan,1,2015,2015
626,Mallister Supporter,0,Derek Lord,1,2015,2015
627,Brea,0,Gemita Samarra,1,2015,2015
628,Masha Heddle,21,Susie Kelly,1,2011,2011
629,Stark Guard,0,Faolan Morgan,1,2011,2011
630,Night's Watch Messenger,0,Frank O'Sullivan,1,2011,2011
631,Septon,0,Terry Byrne,1,2012,2012
632,Qartheen Woman,0,Kristina Krepela,1,2012,2012
633,Craster's Wife,0,Michelle Costello,1,2013,2013
634,Yunkai'i Slave #3,0,Jamal Ouarraq,1,2013,2013
635,Eyrie Guard,0,Paul Kennedy,1,2015,2015
636,Whore,0,Irma Mali,1,2015,2015
637,Brothel Customer,0,Ben Yates,1,2015,2015
638,Night's Watchman #2,0,Ruairí Heading,1,2016,2016
639,Lannister Soldier,0,Ciaran McMahon,1,2012,2012
640,Yunkai'i Slave #4,0,El Hasani,1,2013,2013
641,Craster's Younger Wife,0,Lisa Walsh,1,2013,2013
642,Sparring Boy,0,Stephen Brown,1,2015,2015
643,Street Tough #2,0,Winston Davis,1,2015,2015
644,Aya,0,Aifric O'Donnell,1,2015,2015
645,Brothel Child #1,0,Ella Tweed,1,2015,2015
646,Bolton Officer,0,Andrew Bryan,1,2016,2016
647,Lannister Scout,0,Chris Gallagher,1,2011,2011
648,Rhaego,0,Wren Ros Elliot-Sloan,1,2012,2012
649,Yunkai'i Slave #5,0,Mustapha Mekanassi,1,2013,2013
650,Maester Helliweg,0,Joe Hewetson,1,2015,2015
651,Brothel Child #2,0,Isabelle Jones,1,2015,2015
652,Inn Waitress,0,Irene Kelleher,1,2015,2015
653,Lannister Guard #2,0,Fiach Kunz,1,2015,2015
654,Handmaid,0,Sabrina Bartlett,1,2016,2016
655,Bolton Soldier,0,Tristan Heanue,1,2016,2016
656,Ironborn #3,0,James Lecky,1,2016,2016
657,Stark Guard,0,Rick Burn,1,2011,2011
658,Genna,0,Kylie Harris,1,2013,2013
659,Son of the Harpy,0,Curtis-Lee Ashqar,1,2015,2015
660,Baratheon Soldier #1,0,David Fennelly,1,2015,2015
661,Lannister Guard #3,0,Michael Johnston,1,2015,2015
662,Meereenese Homeless Mother,0,Sabina Arthur,1,2016,2016
663,Tommen's Attendant,0,Dermot Ward,1,2016,2016
664,Red Keep Stableboy,0,Hugo Culverhouse,1,2011,2011
665,Night's Watchman,0,Patrick J Molloy,1,2014,2014
666,Dwarf Hunter #1,0,Jonathan Gunning,1,2015,2015
667,Maester Caleotte,0,Colin Azzopardi,1,2016,2016
668,Tommen's Manservant,0,Aron Hegarty,1,2016,2016
669,Chella,0,Natalia Lee,1,2012,2012
670,Gordy,0,Tristan McConnell,1,2015,2015
671,Dwarf Hunter #2,0,Alan McKee,1,2015,2015
672,Wyman Manderly,32,Sean Blowers,1,2016,2016
673,Lord Portan,0,Gordon Fulton,1,2012,2012
674,Farmer's Daughter,0,Trixiebell Harrowell,1,2014,2014
675,Simpson,0,Laurence O'Fuarain,1,2015,2015
676,Cley Cerwyn,9,Tom Varey,1,2016,2016
677,Tourney Herald,0,Marko Cindric,1,2012,2012
678,Tortured Slave,0,Mark Drake,1,2013,2013
679,Woodcutter,0,Ralph Clemente,1,2015,2015
680,Dothraki Man Having Sex,0,Oliver Stockwell,1,2016,2016
681,King's Landing Drunkard,0,Anthony John Crocker,1,2015,2015
682,Great Master #2,0,Derek Horsham,1,2014,2014
683,King's Landing Whore,0,Kirsty Nicholls,1,2015,2015
684,Meereen Slave,0,Joshua Sher,1,2014,2014
685,King's Landing Flasher #1,0,Munro Graham,1,2015,2015
686,King's Landing Flasher #2,0,Ben Kelly,1,2015,2015
687,Cersei Body Double,0,Rebecca Van Cleave,1,2015,2015
688,The Bear,0,Bart the Bear,1,2013,2013
689,Night's Watch Officer,0,Michael Stuart,19,2013,2019
690,Baratheon Soldier,0,Graeme Peacock,11,2012,2017
691,Baratheon Soldier,0,Mark Quigley,11,2014,2019
692,Stark Soldier,0,Andrew McClay,10,2015,2019
693,Night's Watch,0,Bobby Marno,10,2015,2017
694,Baratheon Soldier,0,James Bleakney,9,2013,2016
695,Ironborn,0,Logan Bruce,6,2013,2019
696,Brotherhood Member,0,Tyrone Kearns,6,2013,2016
697,Knight of the Vale,0,Micheal Fitzgerald,6,2016,2019
698,Unsullied,0,Stephen Presley,6,2019,2019
699,Unsullied,0,Andrew Watson,6,2019,2019
700,Northern Lord,0,Robert Brown,5,2015,2019
701,Knight,0,Frédéric André,4,2011,2016
702,Craster's Wife,0,Kristy Robinson,4,2012,2015
703,Wildling,0,Jessica Odell,4,2015,2016
704,Stark Archer,0,Patrick Kelly,4,2016,2019
705,King's Landing Nobleman,0,Frank Cannon,3,2015,2016
706,Dothraki woman,0,Mariola Sanz,3,2015,2016
707,Meereen Guard,0,Juan Carlos Martínez Antuña,3,2017,2017
708,Unsullied Soldier,0,Jaryd Headley,3,2019,2019
709,Wildling,0,Brian Kearns,3,2019,2019
710,Lord Galbart Glover,0,Mark Coney,2,2011,2011
711,Mikken,0,Boyd Rankin,2,2011,2011
712,Nobleman,0,Aaron Archer,2,2012,2016
713,Frey Wedding Guest,0,Darragh O'Connor,2,2013,2016
714,Frey Wedding Guest,0,Laurence Doherty,2,2013,2014
715,Night's Watch,0,Gerald McMullan,2,2014,2017
716,Dothraki Rider,0,Daniel Naprous,2,2014,2017
717,King's Landing Handmaiden,0,Niamh Lennon,2,2014,2014
718,Mole's Town Whore,0,Marion McDowell,2,2014,2014
719,Tyrell Cousin,55,Kylie Zimmer,2,2014,2014
720,Burning Lannister,0,Calvin Warrington-Heasman,2,2015,2017
721,Tully Soldier,0,Simon Millar,2,2015,2016
722,Wildling,0,Jessica Stevenson,2,2015,2015
723,Karstark Soldier,0,Peter Rooney,2,2016,2019
724,Bolton Infantry,0,Kevin-Barry Brown,2,2016,2016
725,Kingsland Taverner,0,Michael William Burns,2,2016,2016
726,Braavosi Theatre Server,0,Tamsin Greene Barker,2,2016,2016
727,Braavosi Theatre Sound Artist,0,Kiran Shah,2,2016,2016
728,Meereen Guard,0,Hugh Yeaman,2,2016,2016
729,Captured Wight,0,Michael Byrch,2,2017,2017
730,Lady of Winterfell,0,Canan Avsar,2,2019,2019
731,Dothraki Rider,0,Spencer Collings,2,2019,2019
732,Baratheon Guard,0,Phil Barnhill,1,2011,2011
733,Prostitute,0,Caroline Davis,1,2011,2011
734,Winterfell Beekeeper,0,Owen Dickey,1,2011,2011
735,Mago,0,Ivailo Dimitrov,1,2011,2011
736,Lady of Eyrie Landing (2011),0,Bernadette Dobbin,1,2011,2011
737,Peasant,0,Melissa Reid,1,2011,2011
738,Lannister Guard,0,James Tolcher,1,2011,2011
739,King's Guard,0,Robert Yates,1,2011,2011
740,Baratheon Archer,0,Robert Atkinson,1,2012,2012
741,Wight,0,Noel Cecil,1,2012,2012
742,Black Knight,0,Jonathan Cohen,1,2012,2012
743,Lannister Archer,0,Hugh Irvine,1,2012,2012
744,Weasel,0,Paul Kealyn,1,2012,2012
745,Selyse Baratheon,3,Sarah Mac Keever,1,2012,2012
746,Young Nobleman,0,Filip Lozic,1,2012,2012
747,Stark Guard,0,Paul Monahan,1,2012,2012
748,Craster's Daughter,0,Ginger A. Taylor,1,2012,2012
749,Riverrun Nobleman,0,Matt Butcher,1,2013,2013
750,Marianne Frey,18,Katie Creaven,1,2013,2013
751,Musician,0,Kevin McCann,1,2013,2013
752,Hoster Tully,54,Christopher Newman,1,2013,2013
753,Bathhouse Boy,0,Niall O'Donnell,1,2013,2013
754,Khaleesi Handmaiden #1,0,Rachel Puchkoff,1,2013,2013
755,Yunkai Citizen,0,Mustapha Rachidi,1,2013,2013
756,Dothraki,0,Omar Youssef,1,2013,2013
757,Noble Man,0,Neil Baltus,1,2014,2014
758,Waitress,0,Emma Bryant,1,2014,2014
759,Cooper,0,Joe Claflin,1,2014,2014
760,Dragonstone waiter,0,Bryan Cogman,1,2014,2014
761,Stannis Guard,0,Oisin De Lange,1,2014,2014
762,Wedding Guest,0,Paul Herbert,1,2014,2014
763,Inn Customer,0,Phelim Kelly,1,2014,2014
764,Frey Serving Boy,0,Mark Kelvin Ryan,1,2014,2014
765,Noble Lady,0,Stella Lutz,1,2014,2014
766,Night's Watch Archer,0,Neil Marshall,1,2014,2014
767,Donnel Hill,0,Jack Roth,1,2014,2014
768,Wedding Band,0,Sigur Rós,1,2014,2014
769,Wedding Guest,0,C.C. Smiff,1,2014,2014
770,Strong Fighter,0,Adam Basil,1,2015,2015
771,Fighter,0,Roman Beguns,1,2015,2015
772,Wildling,0,Brann Dailor,1,2015,2015
773,Fighter,0,Rob de Groot,1,2015,2015
774,Wildling Archer,0,Jenny Edgar,1,2015,2015
775,Wight,0,Cassie Friel,1,2015,2015
776,Wildling,0,Brent Hinds,1,2015,2015
777,Slave,0,Terence Hughes,1,2015,2015
778,Pit Fighter,0,Charles Jarman,1,2015,2015
779,Wilding Gladiator,0,Danko Jordanov,1,2015,2015
780,Wildling,0,Bill Kelliher,1,2015,2015
781,Night's Watch Recruit,0,Christopher Kinkead,1,2015,2015
782,Wildling Archer,0,Chelsea Mainwaring,1,2015,2015
783,Wight,0,Barrie Martin,1,2015,2015
784,Wildling,0,Elaine O'Dwyer,1,2015,2015
785,Wildling,0,Royd Tolkien,1,2015,2015
786,Passerby,0,Kerim Topcic,1,2015,2015
787,Unsullied Guard,0,Pablo Verdejo,1,2015,2015
788,Volantene Whore,0,Raquel Arraes,1,2016,2016
789,Child of the Forest #1,0,Kristina Baskett,1,2016,2016
790,Child of the Forest #2,0,Rachelle Beinart,1,2016,2016
791,Tavern Maid,0,Elynia Betts,1,2016,2016
792,Volantene Whore,0,Susan Christie,1,2016,2016
793,Frey Daughter,0,Milly Burke Cunningham,1,2016,2016
794,Quinn,0,Oryan Landa,1,2016,2016
795,That's Right' Man,0,Jose Mellinas,1,2016,2016
796,Child of the Forest #3,0,Casey Michaels,1,2016,2016
797,Volantene Whore,0,Sophia Smith,1,2016,2016
798,Healtor Troop,0,Gary Wales,1,2016,2016
799,Howland Reed,40,Leo Woodruff,1,2016,2016
800,Dothraki Rider,0,Charlie Barrett,1,2017,2017
801,Traveller,0,Dario Cannizzaro,1,2017,2017
802,Woman in King's Landing,0,Carolina Castellano,1,2017,2017
803,Wildling,0,Dan Euston,1,2017,2017
804,Lannister Guard,0,Christian Gimse,1,2017,2017
805,Lannister Soldier,0,Seán McGillicuddy,1,2017,2017
806,Night's Watch,0,Brendan McGivern,1,2017,2017
807,Tyrell Guard,0,Ross Moneypenny,1,2017,2017
808,Burning Lannister,0,Douglas Robson,1,2017,2017
809,Lannister Map Painter,0,Jim Stanes,1,2017,2017
810,Lannister Spearman,0,Noah Syndergaard,1,2017,2017
811,Unsullied,0,Louis Agbodo,1,2019,2019
812,King's Landing Citizen,0,Lorenzo Antonucci,1,2019,2019
813,Wildling #2,0,David Benioff,1,2019,2019
814,Lannister Archer,0,Brian Black,1,2019,2019
815,Alanna,0,Kim Chapman,1,2019,2019
816,Soldier,0,Sophie Ellis-Bextor,1,2019,2019
817,Ironborn #3,0,Dave Hill,1,2019,2019
818,Wight,0,Jack Hudson,1,2019,2019
819,Soldier,0,Richard Jones,1,2019,2019
820,Ironborn #1,0,Rob McElhenney,1,2019,2019
821,King's Landing Citizen,0,Patrick McGilligan,1,2019,2019
822,Stark Guard,0,Jesse Morris,1,2019,2019
823,Lannister Officer,0,Duncan Muggoch,1,2019,2019
824,Grieving Daughter,0,Michelle O'Flaherty,1,2019,2019
825,Lannister Guard,0,Adam Quigley-Nixon,1,2019,2019
826,King's Landing Citizen,0,Aaron Rodgers,1,2019,2019
827,Old Man,0,Derek Smith,1,2019,2019
828,Wildling Wight,0,Chris Stapleton,1,2019,2019
829,Ironborn #2,0,Martin Starr,1,2019,2019
830,Soldier,0,Vasco Temudo,1,2019,2019
831,Wildling #1,0,D.B. Weiss,1,2019,2019
832,Wight,0,Gareth Wright,1,2019,2019